id,name
product_model_1,.6LV-SS
product_model_2,#SS-43S4
product_model_3,01V3000
product_model_4,02K1500
product_model_5,02K5010
product_model_6,02K7500X
product_model_7,02K7600X
product_model_8,050-11-BQ/PC
product_model_9,"1000, 2000, 3000 fan."
product_model_10,110 series
product_model_11,112 Series
product_model_12,12-32-50C
product_model_13,137G
product_model_14,25-64-50C
product_model_15,2L/PV-1
product_model_16,2NO/2NC Cont 7A
product_model_17,350.2757
product_model_18,350.3873
product_model_19,350.4227
product_model_20,350.4465
product_model_21,3G110FF4314PVFP
product_model_22,3L/PV-1
product_model_23,4200059
product_model_24,4M6/8-S
product_model_25,60 Shore
product_model_26,6C742F0414PVFP51
product_model_27,6F-B8XJ2-SSP
product_model_28,6L732F0414PVFK
product_model_29,6L801F0414PVFP
product_model_30,6x6 ECP-2000/3000 :
product_model_31,90080-03
product_model_32,91S6
product_model_33,A-1147-E-40
product_model_34,A-1161-B-GP-1 RevC3
product_model_35,A-1163
product_model_36,AB1-GG
product_model_37,AB1-GL
product_model_38,AB1-GN
product_model_39,AB1-R0
product_model_40,AB1-R1
product_model_41,AB1-R2
product_model_42,AB1-R3
product_model_43,AB1-R4
product_model_44,AB1-R5
product_model_45,AB1-R6
product_model_46,AB1-R7
product_model_47,AB1-R8
product_model_48,AD-SS
product_model_49,B-100
product_model_50,B-2734-12
product_model_51,B-50
product_model_52,B1VH-4T
product_model_53,CG–C :
product_model_54,CG2-C
product_model_55,CLF-5
product_model_56,CLF-5/W
product_model_57,CLF/CLF–5
product_model_58,CS JIS 10K FF
product_model_59,CSS-V
product_model_60,CSS-V1
product_model_61,CSS-VX
product_model_62,CY-S
product_model_63,DF-E05
product_model_64,DIF-IN50C
product_model_65,DN10/12
product_model_66,"DN10/12-G1/2"""
product_model_67,DN4/6
product_model_68,"DN4/6-G10/4"""
product_model_69,DN6/8
product_model_70,"DN8/10-G1/4"""
product_model_71,E3 for N3
product_model_72,EC-EX-1SS
product_model_73,EC-FD
product_model_74,EC-G
product_model_75,EC-PV
product_model_76,"EC,ECS"
product_model_77,EC/ECS
product_model_78,ECM-1
product_model_79,ECM-2G
product_model_80,ECM/SCC-C
product_model_81,ECM/SCC-C :
product_model_82,ECP 1000-G
product_model_83,ECP1000
product_model_84,ECP20-2PV
product_model_85,ECP2000-G
product_model_86,ECP2000-PV
product_model_87,"ECS-1G,"
product_model_88,ECS-1PV
product_model_89,"F-0, 1GF"
product_model_90,F-02SS150
product_model_91,F-100SSG
product_model_92,F-20K
product_model_93,F-20SS
product_model_94,F-20T
product_model_95,F-2K
product_model_96,F-2T
product_model_97,F-3SS150
product_model_98,F-SS150
product_model_99,FA-20mo
product_model_100,FM-25-250NL/h
product_model_101,FM–10/100
product_model_102,FM–10/500
product_model_103,for MP30
product_model_104,for pump SR25
product_model_105,For Pump SR25 :
product_model_106,for pump SR25 :
product_model_107,FP-20T-D
product_model_108,FP-2T-D
product_model_109,FP–20T
product_model_110,FPF-2-0.3 GF
product_model_111,FS-20T
product_model_112,FSS
product_model_113,FSS-20SS-D
product_model_114,G200-00N
product_model_115,GL18-6mm
product_model_116,GL25 DN4/6 PV
product_model_117,GL25-12mm
product_model_118,GPR-1000
product_model_119,GPR-11-32-4
product_model_120,GPR-11-60-4
product_model_121,GPR-12-100M
product_model_122,GPR-12-333
product_model_123,GPR-1200
product_model_124,GPR-1500
product_model_125,GPR-1500 ATEX
product_model_126,GPR-1600
product_model_127,GPR-1600 UHP
product_model_128,GPR-1900
product_model_129,GPR-2600
product_model_130,GPR-2800 AIS ATEX
product_model_131,GPR-3100
product_model_132,GPR-3500 MO
product_model_133,GV127
product_model_134,High Purity
product_model_135,HS-5
product_model_136,K for Mp47/MP47-Z
product_model_137,LA 1.4
product_model_138,LA1.5
product_model_139,LA1S
product_model_140,LB-1
product_model_141,LB-1/PV with bypass function :
product_model_142,LS/LA PVDF
product_model_143,M/04035T25
product_model_144,M10-4/6
product_model_145,M5VS34-M
product_model_146,"Material : SS304, 1.5mm, Brushed, Protection IP65, Single door type with glass, ประตูตูมีชองกระจกขนาดW15xH50cm กระจกหนา2.5-3mm, ติดบานพับ / ยึดสกรู 3 จุด"
product_model_147,MCN114-66.5-500
product_model_148,Model R182
product_model_149,MP 47Z/R
product_model_150,MP06
product_model_151,MP30
product_model_152,"MP30, FFPM"
product_model_153,"MP30, G1/8"" i"
product_model_154,MP47
product_model_155,MP47-Z
product_model_156,MP47/Ex
product_model_157, N3 KPE 
product_model_158,N5 KPE
product_model_159, N5 KPE 
product_model_160,N814KTE
product_model_161,N87TT
product_model_162,N9 KPE
product_model_163,N9 KPE without housing
product_model_164,N9 KPE without housing :
product_model_165,"N9 KPE, Viton/PTFE :"
product_model_166,NF100KT.18S IP65
product_model_167,NF30TVDC 12V
product_model_168,NMP015L6VDC
product_model_169,P/N C36840/1 (MANN FILTER)
product_model_170,P2.2(In&Out)
product_model_171,PP
product_model_172,PP 100 Micron
product_model_173,PP 5 Micron
product_model_174,PR-1 series
product_model_175,PR-11
product_model_176,PR-5
product_model_177,PSP4000-H/C/T
product_model_178,PSR-11-21
product_model_179,PSR-11-23
product_model_180,PSR-12-223
product_model_181,PSR-12-223 L2
product_model_182,PSR-12-23
product_model_183,PSS10
product_model_184,PSS5/3
product_model_185,PU-TX-2W
product_model_186,PUR -TX-2W OEM
product_model_187,PUR-OL OEM-(0/100P)-AC SC02
product_model_188,PUR-OL-MON
product_model_189,R1342
product_model_190,RBGW
product_model_191,"ROC ""L-1027-07"""
product_model_192,RTD PT-100
product_model_193,S-2K150
product_model_194,S3 -N3-N5 KPE
product_model_195,S80-BV
product_model_196,"SADP,Red Spot S/N 1345-8 with Sensor S/N 08-3097"
product_model_197,SC4380
product_model_198,"series 4, SS-42GXS"
product_model_199,SP2000
product_model_200,SR25
product_model_201,SR25 :
product_model_202,SR25.1
product_model_203,SR25.1 :
product_model_204,"SR25.1 230/115V,50/60Hz"
product_model_205,SR25.1/EX-G
product_model_206,SR25.2
product_model_207,SR25.2 230V/50Hz
product_model_208,SR25.2–G
product_model_209,SS-1210-1-12
product_model_210,SS-1210-2-12
product_model_211,SS-4-VCR-61
product_model_212,SS-400-1-2.
product_model_213,SS-400-1-4
product_model_214,SS-400-1-8
product_model_215,SS-400-2-4
product_model_216,SS-42GS4
product_model_217,SS-42GVCR4
product_model_218,SS-42GXVCR4
product_model_219,SS-810-1-12
product_model_220,SS-810-1-8
product_model_221,SS-CLMA 2-2N
product_model_222,SS-CLMA 4-4N
product_model_223,SS-CMC 2-2N
product_model_224,SS-CMC 4-2N
product_model_225,SS-CMC 6M-6G
product_model_226,"Stock-34-S80-BV,"
product_model_227,TEC1-12706
product_model_228,TG-1 :
product_model_229,type F-240SS-D
product_model_230,type FP-2T
product_model_231,type K
product_model_232,"type O3, N3-N5 KPE"
product_model_233,type S-2K
product_model_234,type S3
product_model_235,UPR1-1A11H3G181
product_model_236,V20-0
product_model_237,V3 for N3-N5 KPE
product_model_238,VA25425-NIST
product_model_239,W2S130-AA03-87
product_model_240,WCS-13A-SS/MM
product_model_241,with joint24/29;Duran
product_model_242,"with Teflon-Lined Caps,"
product_model_243,XLT-11-15
product_model_244,XLT-11-1513
product_model_245,XLT-11-24
product_model_246,XLT-11-24-4
product_model_247,XLT-12-123
product_model_248,XLT-12-333
product_model_249,งานไดกิ้น
product_model_250,น้ำแข็งแห้งเกร็ด
